step,time,nusselt,u_max_vc,y_u_max,v_max_hc,x_v_max
4000,4,3.2514950149427655,0.827918343482393,1.7000000000000002,1.2180418464249627,0.2
8000,8,2.7422303298789394,0.8084191513333987,1.7000000000000002,1.1685943325063886,0.25
12000,12,2.653381022554863,0.8050738373279296,1.7000000000000002,1.1608892579361814,0.25
16000,16,2.637057142082616,0.8043992529930779,1.7000000000000002,1.1594139731766608,0.25
20000,20,2.6340434074764114,0.8042705279180091,1.7000000000000002,1.159138331198092,0.25
24000,24,2.633486730296223,0.8042465747296993,1.7000000000000002,1.1590872840156052,0.25
28000,28,2.6333838938682015,0.8042421434336837,1.7000000000000002,1.1590778487302076,0.25
32000,32,2.633364896172392,0.8042413245868903,1.7000000000000002,1.1590761055012375,0.25
36000,36,2.6333613865762047,0.8042411733072355,1.7000000000000002,1.159075783454422,0.25
40000,40,2.6333607382197894,0.8042411453598518,1.7000000000000002,1.159075723959869,0.25
44000,44,2.633360618443588,0.8042411401968936,1.7000000000000002,1.1590757129689448,0.25
48000,48,2.633360596316349,0.8042411392430976,1.7000000000000002,1.1590757109385017,0.25
52000,52,2.6333605922286334,0.804241139066894,1.7000000000000002,1.1590757105633989,0.25
56000,56,2.6333605914735196,0.8042411390343485,1.7000000000000002,1.1590757104941083,0.25
60000,60,2.6333605913340463,0.8042411390283383,1.7000000000000002,1.1590757104813143,0.25
64000,64,2.633360591308253,0.8042411390272274,1.7000000000000002,1.1590757104789486,0.25
68000,68,2.6333605913035374,0.8042411390270362,1.7000000000000002,1.1590757104785216,0.25
72000,72,2.633360591302823,0.8042411390269866,1.7000000000000002,1.159075710478436,0.25
76000,76,2.63336059130282,0.8042411390269865,1.7000000000000002,1.1590757104784357,0.25
80000,80,2.63336059130282,0.8042411390269865,1.7000000000000002,1.1590757104784357,0.25
