# Ghia (1982) Re=100 benchmark vs FlowLabLite Chorin-GS baseline,grid=129x129,dt=0.001,steps=40000,U_lid=1,L=2
point,y/L_or_x/L,ghia_reference,flowlablite,signed_error,abs_error
0,0.0,0.0,0.0,0.0,0.0
1,0.0547,-0.03717,-0.03633326145058628,0.0008367385494137194,0.0008367385494137194
2,0.0625,-0.04192,-0.040939493935485814,0.0009805060645141847,0.0009805060645141847
3,0.0703,-0.04775,-0.0454374482657447,0.0023125517342552984,0.0023125517342552984
4,0.1016,-0.06434,-0.06259001277148564,0.0017499872285143547,0.0017499872285143547
5,0.1719,-0.1015,-0.09785228921084596,0.003647710789154046,0.003647710789154046
6,0.2813,-0.15662,-0.1484555553292514,0.008164444670748616,0.008164444670748616
7,0.4531,-0.2109,-0.19296979646573978,0.017930203534260225,0.017930203534260225
8,0.5,-0.20581,-0.18596749816989855,0.019842501830101444,0.019842501830101444
9,0.6172,-0.13641,-0.11697088240868488,0.019439117591315128,0.019439117591315128
10,0.7344,0.00332,0.01721824651349192,0.013898246513491919,0.013898246513491919
11,0.8516,0.23151,0.24883022273489744,0.017320222734897445,0.017320222734897445
12,0.9531,0.68717,0.7026045997987667,0.015434599798766713,0.015434599798766713
13,0.9609,0.73722,0.7507754900863804,0.013555490086380462,0.013555490086380462
14,0.9688,0.78871,0.8007009113615112,0.011990911361511203,0.011990911361511203
15,0.9766,0.84123,0.8507284216105196,0.009498421610519614,0.009498421610519614
16,1.0,1.0,1.0,0.0,0.0
