# FlowLabLite centerline velocity | solver=chorin | Re=100 | step=40000 | grid=129x129 | h=0.015625 | dt=0.001 | pressure_iters=50 | div_norm=0.008730776017671926
component,index,coord,value
u_vcl,0,0,0
u_vcl,1,0.015625,-0.005716746541871093
u_vcl,2,0.03125,-0.011231594062244403
u_vcl,3,0.046875,-0.01656265087063747
u_vcl,4,0.0625,-0.021724095149855245
u_vcl,5,0.078125,-0.026729953806635662
u_vcl,6,0.09375,-0.0315931593366827
u_vcl,7,0.109375,-0.03632587966775792
u_vcl,8,0.125,-0.040939493935485814
u_vcl,9,0.140625,-0.045444656525889346
u_vcl,10,0.15625,-0.049851329819520694
u_vcl,11,0.171875,-0.05416881858820835
u_vcl,12,0.1875,-0.058405797549655324
u_vcl,13,0.203125,-0.06257033480659879
u_vcl,14,0.21875,-0.06666991082469098
u_vcl,15,0.234375,-0.07071143341676929
u_vcl,16,0.25,-0.07470124896453265
u_vcl,17,0.265625,-0.0786451501618144
u_vcl,18,0.28125,-0.08254838054259672
u_vcl,19,0.296875,-0.08641563606025127
u_vcl,20,0.3125,-0.09025106398520365
u_vcl,21,0.328125,-0.09405825939337502
u_vcl,22,0.34375,-0.09784025952515185
u_vcl,23,0.359375,-0.10159953630456163
u_vcl,24,0.375,-0.10533798732035567
u_vcl,25,0.390625,-0.10905692558454529
u_vcl,26,0.40625,-0.11275706839923041
u_vcl,27,0.421875,-0.116438525678897
u_vcl,28,0.4375,-0.12010078809227706
u_vcl,29,0.453125,-0.1237427154048541
u_vcl,30,0.46875,-0.1273625254195769
u_vcl,31,0.484375,-0.13095778392869653
u_vcl,32,0.5,-0.1345253961031699
u_vcl,33,0.515625,-0.13806159975705037
u_vcl,34,0.53125,-0.14156196093192658
u_vcl,35,0.546875,-0.14502137224996084
u_vcl,36,0.5625,-0.14843405448258265
u_vcl,37,0.578125,-0.15179356177457198
u_vcl,38,0.59375,-0.15509279094930126
u_vcl,39,0.609375,-0.15832399529950936
u_vcl,40,0.625,-0.1614788032384566
u_vcl,41,0.640625,-0.16454824214803787
u_vcl,42,0.65625,-0.16752276771295066
u_vcl,43,0.671875,-0.17039229897301642
u_vcl,44,0.6875,-0.17314625925914975
u_vcl,45,0.703125,-0.17577362310239558
u_vcl,46,0.71875,-0.17826296912033518
u_vcl,47,0.734375,-0.18060253879169944
u_vcl,48,0.75,-0.18278030092925732
u_vcl,49,0.765625,-0.18478402155431103
u_vcl,50,0.78125,-0.1866013387651086
u_vcl,51,0.796875,-0.18821984207815184
u_vcl,52,0.8125,-0.18962715560799503
u_vcl,53,0.828125,-0.19081102434018143
u_vcl,54,0.84375,-0.19175940264610947
u_vcl,55,0.859375,-0.1924605440906101
u_vcl,56,0.875,-0.1929030914956054
u_vcl,57,0.890625,-0.19307616614906464
u_vcl,58,0.90625,-0.19296945499003088
u_vcl,59,0.921875,-0.1925732945598957
u_vcl,60,0.9375,-0.1918787504890668
u_vcl,61,0.953125,-0.1908776912878871
u_vcl,62,0.96875,-0.18956285523170124
u_vcl,63,0.984375,-0.18792790917221314
u_vcl,64,1,-0.18596749816989855
u_vcl,65,1.015625,-0.18367728492363805
u_vcl,66,1.03125,-0.1810539780715935
u_vcl,67,1.046875,-0.17809534854863843
u_vcl,68,1.0625,-0.17480023330672032
u_vcl,69,1.078125,-0.17116852583120826
u_vcl,70,1.09375,-0.1672011530139871
u_vcl,71,1.109375,-0.1629000380679773
u_vcl,72,1.125,-0.15826804928297614
u_vcl,73,1.140625,-0.15330893452439417
u_vcl,74,1.15625,-0.1480272414600426
u_vcl,75,1.171875,-0.14242822356147644
u_vcl,76,1.1875,-0.13651773196200523
u_vcl,77,1.203125,-0.13030209326061956
u_vcl,78,1.21875,-0.12378797333797849
u_vcl,79,1.234375,-0.11698222719659447
u_vcl,80,1.25,-0.1098917347530809
u_vcl,81,1.265625,-0.10252322239786876
u_vcl,82,1.28125,-0.09488307000090253
u_vcl,83,1.296875,-0.08697710288609231
u_vcl,84,1.3125,-0.07881036813045526
u_vcl,85,1.328125,-0.07038689437604376
u_vcl,86,1.34375,-0.06170943418679223
u_vcl,87,1.359375,-0.0527791878542912
u_vcl,88,1.375,-0.043595507475713044
u_vcl,89,1.390625,-0.03415558011715768
u_vcl,90,1.40625,-0.02445408896446394
u_vcl,91,1.421875,-0.014482851583811575
u_vcl,92,1.4375,-0.004230434804174212
u_vcl,93,1.453125,0.006318253663787895
u_vcl,94,1.46875,0.017182395893831484
u_vcl,95,1.484375,0.028385714537694368
u_vcl,96,1.5,0.039956940037104066
u_vcl,97,1.515625,0.05193028856137612
u_vcl,98,1.53125,0.06434594250187152
u_vcl,99,1.546875,0.07725052233080852
u_vcl,100,1.5625,0.09069753501323037
u_vcl,101,1.578125,0.10474777991583062
u_vcl,102,1.59375,0.11946968827749581
u_vcl,103,1.609375,0.13493956682147834
u_vcl,104,1.625,0.15124171007385254
u_vcl,105,1.640625,0.1684683395469673
u_vcl,106,1.65625,0.1867193213715098
u_vcl,107,1.671875,0.20610160754005508
u_vcl,108,1.6875,0.22672834010547732
u_vcl,109,1.703125,0.2487175530509661
u_vcl,110,1.71875,0.27219040386997695
u_vcl,111,1.734375,0.2972688670980249
u_vcl,112,1.75,0.3240728262368706
u_vcl,113,1.765625,0.35271650999791343
u_vcl,114,1.78125,0.3833042349575635
u_vcl,115,1.796875,0.41592544115162944
u_vcl,116,1.8125,0.4506490408970871
u_vcl,117,1.828125,0.487517146870577
u_vcl,118,1.84375,0.5265382986994174
u_vcl,119,1.859375,0.5676803878647484
u_vcl,120,1.875,0.6108635140364904
u_vcl,121,1.890625,0.6559532643939778
u_vcl,122,1.90625,0.7027543633153153
u_vcl,123,1.921875,0.7510071032380095
u_vcl,124,1.9375,0.8003802294162006
u_vcl,125,1.953125,0.8504867833710038
u_vcl,126,1.96875,0.9008280832701083
u_vcl,127,1.984375,0.9510193953583964
u_vcl,128,2,1
v_hcl,0,0,0
v_hcl,1,0.015625,0.013089720359344708
v_hcl,2,0.03125,0.02551351400659503
v_hcl,3,0.046875,0.03728237719218934
v_hcl,4,0.0625,0.048407707332925626
v_hcl,5,0.078125,0.05890283218729425
v_hcl,6,0.09375,0.06878233415605735
v_hcl,7,0.109375,0.07806197963997193
v_hcl,8,0.125,0.08675849838070804
v_hcl,9,0.140625,0.09488941406383314
v_hcl,10,0.15625,0.1024728714624728
v_hcl,11,0.171875,0.10952747461576294
v_hcl,12,0.1875,0.1160721322298388
v_hcl,13,0.203125,0.12212591163206837
v_hcl,14,0.21875,0.12770790134450166
v_hcl,15,0.234375,0.13283708273943434
v_hcl,16,0.25,0.13753221113230477
v_hcl,17,0.265625,0.1418117066538021
v_hcl,18,0.28125,0.1456935551719813
v_hcl,19,0.296875,0.14919521945673483
v_hcl,20,0.3125,0.1523335606871008
v_hcl,21,0.328125,0.15512477030478322
v_hcl,22,0.34375,0.1575843121182315
v_hcl,23,0.359375,0.15972687446440456
v_hcl,24,0.375,0.16156633214277247
v_hcl,25,0.390625,0.16311571775053657
v_hcl,26,0.40625,0.16438720197130982
v_hcl,27,0.421875,0.16539208230298197
v_hcl,28,0.4375,0.16614077965514737
v_hcl,29,0.453125,0.16664284220288256
v_hcl,30,0.46875,0.16690695585205526
v_hcl,31,0.484375,0.16694096065165384
v_hcl,32,0.5,0.16675187248049997
v_hcl,33,0.515625,0.1663459093385745
v_hcl,34,0.53125,0.16572852158626877
v_hcl,35,0.546875,0.16490442549725057
v_hcl,36,0.5625,0.16387763952125406
v_hcl,37,0.578125,0.16265152269083533
v_hcl,38,0.59375,0.16122881464980343
v_hcl,39,0.609375,0.1596116768294424
v_hcl,40,0.625,0.15780173435060488
v_hcl,41,0.640625,0.15580011828412982
v_hcl,42,0.65625,0.15360750795774655
v_hcl,43,0.671875,0.15122417305366379
v_hcl,44,0.6875,0.14865001529650781
v_hcl,45,0.703125,0.14588460958537144
v_hcl,46,0.71875,0.14292724447578517
v_hcl,47,0.734375,0.1397769619668644
v_hcl,48,0.75,0.13643259659528256
v_hcl,49,0.765625,0.13289281388074956
v_hcl,50,0.78125,0.12915614820713087
v_hcl,51,0.796875,0.1252210402591163
v_hcl,52,0.8125,0.12108587416643751
v_hcl,53,0.828125,0.11674901453610043
v_hcl,54,0.84375,0.11220884357808567
v_hcl,55,0.859375,0.1074637985516555
v_hcl,56,0.875,0.10251240977800673
v_hcl,57,0.890625,0.09735333948074425
v_hcl,58,0.90625,0.09198542172873048
v_hcl,59,0.921875,0.08640770376646482
v_hcl,60,0.9375,0.08061948902537809
v_hcl,61,0.953125,0.07462038211531337
v_hcl,62,0.96875,0.06841033609892679
v_hcl,63,0.984375,0.061989702352546194
v_hcl,64,1,0.055359283314783174
v_hcl,65,1.015625,0.048520388418312674
v_hcl,66,1.03125,0.041474893489894825
v_hcl,67,1.046875,0.03422530388785665
v_hcl,68,1.0625,0.026774821623528896
v_hcl,69,1.078125,0.019127416681916087
v_hcl,70,1.09375,0.011287902715219142
v_hcl,71,1.109375,0.0032620172284786517
v_hcl,72,1.125,-0.0049434936929962
v_hcl,73,1.140625,-0.013320786152434696
v_hcl,74,1.15625,-0.021860824853500552
v_hcl,75,1.171875,-0.030553285435316636
v_hcl,76,1.1875,-0.03938645317144546
v_hcl,77,1.203125,-0.048347118665166125
v_hcl,78,1.21875,-0.057420471398421845
v_hcl,79,1.234375,-0.06658999225256425
v_hcl,80,1.25,-0.0758373464167651
v_hcl,81,1.265625,-0.08514227843465387
v_hcl,82,1.28125,-0.09448251150955049
v_hcl,83,1.296875,-0.10383365358947964
v_hcl,84,1.3125,-0.1131691131780398
v_hcl,85,1.328125,-0.12246002825583073
v_hcl,86,1.34375,-0.13167521213530484
v_hcl,87,1.359375,-0.14078112049109606
v_hcl,88,1.375,-0.1497418441850394
v_hcl,89,1.390625,-0.1585191328126652
v_hcl,90,1.40625,-0.1670724541042195
v_hcl,91,1.421875,-0.1753590943831909
v_hcl,92,1.4375,-0.1833343051819025
v_hcl,93,1.453125,-0.19095150079992348
v_hcl,94,1.46875,-0.19816251103231983
v_hcl,95,1.484375,-0.20491789246217956
v_hcl,96,1.5,-0.21116730058557198
v_hcl,97,1.515625,-0.21685992361011885
v_hcl,98,1.53125,-0.22194497705003216
v_hcl,99,1.546875,-0.2263722562596291
v_hcl,100,1.5625,-0.23009274185434622
v_hcl,101,1.578125,-0.23305925063575067
v_hcl,102,1.59375,-0.2352271222587265
v_hcl,103,1.609375,-0.2365549295665452
v_hcl,104,1.625,-0.23700519839715295
v_hcl,105,1.640625,-0.23654512086122415
v_hcl,106,1.65625,-0.2351472447352798
v_hcl,107,1.671875,-0.2327901208141488
v_hcl,108,1.6875,-0.22945888991615215
v_hcl,109,1.703125,-0.22514579179014532
v_hcl,110,1.71875,-0.21985057945670414
v_hcl,111,1.734375,-0.21358082450554025
v_hcl,112,1.75,-0.20635210150530237
v_hcl,113,1.765625,-0.19818804285917127
v_hcl,114,1.78125,-0.1891202590280263
v_hcl,115,1.796875,-0.1791881228842776
v_hcl,116,1.8125,-0.16843842089618846
v_hcl,117,1.828125,-0.1569248776722373
v_hcl,118,1.84375,-0.1447075640898174
v_hcl,119,1.859375,-0.13185220219146362
v_hcl,120,1.875,-0.11842938385065505
v_hcl,121,1.890625,-0.10451371860075372
v_hcl,122,1.90625,-0.09018294169477978
v_hcl,123,1.921875,-0.07551696311525648
v_hcl,124,1.9375,-0.060597027382691404
v_hcl,125,1.953125,-0.04550446169351641
v_hcl,126,1.96875,-0.030321032967330235
v_hcl,127,1.984375,-0.015123586810062015
v_hcl,128,2,0
